Entity,Code,Year,milk_equivalents,red_meat,poultry,eggs,seafood
Afghanistan,AFG,2014,176.3561644,22.73972603,5.424657534,4.054794521,0.520547945
Afghanistan,AFG,2015,157.4520548,21.26027397,5.232876712,3.643835616,0.575342466
Afghanistan,AFG,2016,154,19.36986301,4.575342466,3.643835616,0.630136986
Afghanistan,AFG,2017,148.4657534,18.52054795,4.191780822,4.109589041,0.684931507
Albania,ALB,2014,930.1643836,102.8219178,37.78082192,38.2739726,14.63013699
Albania,ALB,2015,964.8493151,79.80821918,34.49315068,40.95890411,14.65753425
Albania,ALB,2016,1058.547945,80.08219178,33.42465753,41.80821918,14.68493151
Albania,ALB,2017,1085.863014,84.87671233,44.82191781,40.16438356,14.68493151
Algeria,DZA,2014,413.8630137,35.34246575,18.79452055,21.7260274,12.05479452
Algeria,DZA,2015,343.4794521,33.89041096,18.19178082,23.69863014,11.39726027
Algeria,DZA,2016,318.0821918,33.45205479,18.2739726,23.45205479,10.73972603
Algeria,DZA,2017,333.4520548,31.01369863,17.47945205,23.09589041,10.57534247
Angola,AGO,2014,41.91780822,40.02739726,41.31506849,3.342465753,72.21917808
Angola,AGO,2015,27.7260274,33.75342466,36.1369863,1.726027397,62.24657534
Angola,AGO,2016,27.01369863,33.15068493,25.01369863,1.917808219,53.47945205
Angola,AGO,2017,26,34.52054795,28.93150685,1.835616438,55.39726027
Antigua and Barbuda,ATG,2014,210.8493151,50.46575342,149.4520548,8.164383562,148.4109589
Antigua and Barbuda,ATG,2015,225.0958904,46.02739726,150.6575342,10.30136986,146.8219178
Antigua and Barbuda,ATG,2016,219.3150685,42.76712329,132.3561644,7.780821918,145.3150685
Antigua and Barbuda,ATG,2017,220.8767123,48.43835616,148.2191781,7.890410959,143.9452055
Argentina,ARG,2014,522.2191781,179.6164384,101.0410959,34.32876712,16.10958904
Argentina,ARG,2015,539.1232877,180.0273973,115.7260274,40.43835616,19.75342466
Argentina,ARG,2016,496.4931507,178.8767123,114.6575342,42.19178082,16.63013699
Argentina,ARG,2017,435.4520548,181.2054795,115.7260274,42.46575342,19.97260274
Armenia,ARM,2014,567.3972603,86.08219178,36,30.57534247,15.06849315
Armenia,ARM,2015,531.3972603,83.78082192,35.91780822,30.90410959,18.05479452
Armenia,ARM,2016,569.0410959,80.73972603,36.16438356,32.4109589,17.91780822
Armenia,ARM,2017,548.1917808,80.98630137,44,31.89041096,15.97260274
Australia,AUS,2014,620.6027397,192.9041096,128.0273973,20.87671233,72.35616438
Australia,AUS,2015,606.7671233,201.9452055,129.3424658,20.32876712,68
Australia,AUS,2016,578.9041096,200.9041096,129.9178082,21.61643836,70.4109589
Australia,AUS,2017,601.3150685,196.4109589,130.5479452,22,70.87671233
Austria,AUT,2014,641.3972603,192.1369863,52.1369863,37.5890411,38.35616438
Austria,AUT,2015,622.1369863,193.260274,51.67123288,37.8630137,38.43835616
Austria,AUT,2016,643.5890411,188.0821918,49.83561644,37.97260274,38.49315068
Austria,AUT,2017,631.8630137,185.890411,49.8630137,40.24657534,38.60273973
Azerbaijan,AZE,2014,348.109589,57.15068493,31.56164384,23.42465753,5.287671233
Azerbaijan,AZE,2015,348.5753425,59.28767123,32.54794521,22.84931507,3.753424658
Azerbaijan,AZE,2016,362.8767123,56.95890411,32.46575342,23.45205479,6
Azerbaijan,AZE,2017,361.1506849,57.45205479,35.91780822,24.2739726,8.767123288
Bahamas,BHS,2014,69.56164384,93.42465753,118.7123288,12.87671233,77.06849315
Bahamas,BHS,2015,70,90.16438356,108.5479452,11.97260274,76.32876712
Bahamas,BHS,2016,61.36986301,70.10958904,120.0821918,19.12328767,75.5890411
Bahamas,BHS,2017,67.42465753,64.10958904,118.2739726,19.36986301,74.82191781
Bangladesh,BGD,2014,49.78082192,6.98630137,3.917808219,4.794520548,62.79452055
Bangladesh,BGD,2015,49.69863014,6.904109589,3.97260274,5.123287671,65.36986301
Bangladesh,BGD,2016,49.67123288,6.821917808,4.054794521,5.890410959,67.31506849
Bangladesh,BGD,2017,49.5890411,6.95890411,4.109589041,7.808219178,66.60273973
Barbados,BRB,2014,94.35616438,65.78082192,126.6027397,22.2739726,110.0547945
Barbados,BRB,2015,92.2739726,71.36986301,136.9863014,24.2739726,109.8630137
Barbados,BRB,2016,70.2739726,71.31506849,130.3013699,30.71232877,109.6712329
Barbados,BRB,2017,73.69863014,67.23287671,128.1643836,26.05479452,109.5068493
Belarus,BLR,2014,381.6712329,139.9452055,78.54794521,39.91780822,44.68493151
Belarus,BLR,2015,371.369863,140.5479452,76.52054795,40.46575342,44.65753425
Belarus,BLR,2016,312.7671233,143.7534247,75.75342466,38.68493151,44.60273973
Belarus,BLR,2017,330.8493151,146.0273973,76.65753425,40.30136986,44.60273973
Belgium,BEL,2014,631.4246575,152.5753425,34.08219178,33.01369863,71.75342466
Belgium,BEL,2015,666.9863014,144.5479452,31.15068493,36.76712329,67.7260274
Belgium,BEL,2016,666.2191781,135.5890411,34.05479452,33.56164384,65.06849315
Belgium,BEL,2017,647.6438356,140.6575342,34.65753425,36.10958904,63.04109589
Belize,BLZ,2014,102.7123288,46.68493151,70.73972603,12.08219178,35.42465753
Belize,BLZ,2015,129.4520548,43.5890411,70.71232877,12.76712329,34.68493151
Belize,BLZ,2016,129.6438356,42.02739726,70.73972603,15.75342466,33.97260274
Belize,BLZ,2017,117.1780822,41.47945205,70.38356164,12.65753425,33.31506849
Benin,BEN,2014,39.50684932,13.94520548,55.45205479,2.547945205,55.06849315
Benin,BEN,2015,39.61643836,13.7260274,49.89041096,2.767123288,52.05479452
Benin,BEN,2016,38.1369863,13.69863014,42.38356164,2.849315068,55.20547945
Benin,BEN,2017,37.17808219,13.91780822,39.45205479,2.794520548,48.21917808
Bolivia,BOL,2014,125.1506849,82.02739726,90.93150685,15.53424658,6.547945205
Bolivia,BOL,2015,139.3424658,86.10958904,96.46575342,15.91780822,7.260273973
Bolivia,BOL,2016,121.0136986,89.5890411,97.56164384,19.34246575,7.205479452
Bolivia,BOL,2017,130.8219178,92.68493151,98.63013699,20.21917808,7.04109589
Bosnia and Herzegovina,BIH,2014,518.6027397,50.52054795,43.45205479,13.39726027,12.87671233
Bosnia and Herzegovina,BIH,2015,549.2054795,49.7260274,44.24657534,14.54794521,13.09589041
Bosnia and Herzegovina,BIH,2016,562.4931507,51.39726027,45.04109589,13.89041096,13.26027397
Bosnia and Herzegovina,BIH,2017,540.3835616,52.46575342,45.75342466,14,13.39726027
Botswana,BWA,2014,461.260274,30.2739726,11.5890411,4.849315068,12.21917808
Botswana,BWA,2015,454.0547945,30.63013699,8.328767123,3.698630137,10.82191781
Botswana,BWA,2016,420.5205479,25.47945205,9.150684932,4.109589041,10.63013699
Botswana,BWA,2017,323.1232877,25.5890411,9.287671233,4.109589041,10.4109589
Brazil,BRA,2014,420.1917808,140.8219178,121.890411,22.24657534,27.23287671
Brazil,BRA,2015,411.7260274,140.7671233,126.4657534,21.7260274,24.71232877
Brazil,BRA,2016,405.3972603,138.739726,126.9041096,20.98630137,24.79452055
Brazil,BRA,2017,394.3835616,140.5479452,131.5890411,21.28767123,24.90410959
Bulgaria,BGR,2014,446.3287671,93.91780822,59.01369863,21.7260274,17.61643836
Bulgaria,BGR,2015,424.6575342,93.69863014,59.50684932,22.82191781,19.12328767
Bulgaria,BGR,2016,448.2191781,95.67123288,60.79452055,23.89041096,19.67123288
Bulgaria,BGR,2017,462.4109589,96.76712329,60.43835616,23.61643836,19.31506849
Burkina Faso,BFA,2014,53.83561644,28.82191781,5.589041096,7.068493151,17.89041096
Burkina Faso,BFA,2015,59.04109589,27.04109589,6.739726027,7.123287671,18.87671233
Burkina Faso,BFA,2016,63.56164384,26.82191781,6.438356164,6.821917808,19.91780822
Burkina Faso,BFA,2017,63.39726027,25.45205479,6.219178082,6.575342466,19.34246575
Cambodia,KHM,2014,6.547945205,30.43835616,4.712328767,3.945205479,116.0821918
Cambodia,KHM,2015,6.082191781,29.5890411,4.547945205,3.671232877,112.9315068
Cambodia,KHM,2016,6.630136986,29.17808219,4.767123288,3.589041096,115.6986301
Cambodia,KHM,2017,9.068493151,27.39726027,6.410958904,3.616438356,116.9589041
Cameroon,CMR,2014,27.56164384,18.08219178,8.630136986,0.95890411,54.2739726
Cameroon,CMR,2015,26.1369863,17.7260274,8.876712329,0.98630137,55.17808219
Cameroon,CMR,2016,25.04109589,16.38356164,9.01369863,0.95890411,57.64383562
Cameroon,CMR,2017,23.56164384,15.69863014,8.657534247,0.95890411,49.47945205
Canada,CAN,2014,489.4794521,143.2328767,101.5068493,35.91780822,63.12328767
Canada,CAN,2015,453.8082192,146,103.7808219,37.26027397,60.87671233
Canada,CAN,2016,466.2191781,123.9452055,105.6712329,38.35616438,62.10958904
Canada,CAN,2017,443.5068493,119.3972603,106.9041096,38.82191781,61.50684932
Cape Verde,CPV,2014,151.6438356,37.8630137,47.26027397,12.90410959,34.16438356
Cape Verde,CPV,2015,153.8082192,37.8630137,47.64383562,12.35616438,34.4109589
Cape Verde,CPV,2016,149.6712329,41.23287671,48.10958904,13.01369863,30.76712329
Cape Verde,CPV,2017,144.0273973,39.28767123,48.2739726,13.20547945,30.4109589
Central African Republic,CAF,2014,45.83561644,78.60273973,5.068493151,1.178082192,21.97260274
Central African Republic,CAF,2015,46.1369863,78.87671233,4.904109589,1.178082192,21.7260274
Central African Republic,CAF,2016,46.43835616,80.02739726,5.205479452,1.260273973,21.45205479
Central African Republic,CAF,2017,46.30136986,79.61643836,6.273972603,1.342465753,21.17808219
Chad,TCD,2014,59.97260274,30.30136986,1.424657534,0.98630137,24.46575342
Chad,TCD,2015,99.36986301,64.10958904,1.315068493,0.95890411,19.56164384
Chad,TCD,2016,98.87671233,67.64383562,1.342465753,0.904109589,20.82191781
Chad,TCD,2017,111.1232877,68.71232877,1.232876712,0.931506849,19.67123288
Chile,CHL,2014,238.109589,123.4794521,98.43835616,27.78082192,34.73972603
Chile,CHL,2015,244.9315068,124.739726,97.8630137,28.84931507,31.34246575
Chile,CHL,2016,249.8082192,129.3150685,101.2328767,28.52054795,30.82191781
Chile,CHL,2017,259.2328767,126.5205479,99.61643836,28.73972603,32.2739726
China,CHN,2014,78.65753425,129.0410959,34.46575342,51.04109589,98.43835616
China,CHN,2015,67.42465753,129.4520548,33.61643836,60.49315068,102.7123288
China,CHN,2016,66.21917808,127.6712329,35.78082192,61.23287671,104
China,CHN,2017,65.89041096,127.2876712,35.28767123,62.24657534,104.5753425
Colombia,COL,2014,335.0958904,66.16438356,78.43835616,32.32876712,20.52054795
Colombia,COL,2015,325.369863,67.61643836,81.26027397,33.39726027,20.19178082
Colombia,COL,2016,321.8082192,65.94520548,84.60273973,34.43835616,19.91780822
Colombia,COL,2017,333.7260274,65.15068493,87.64383562,35.04109589,19.61643836
Congo,COG,2014,4.356164384,15.36986301,36.90410959,1.616438356,76.52054795
Congo,COG,2015,3.643835616,14.71232877,66.76712329,1.945205479,69.01369863
Congo,COG,2016,3.506849315,14.4109589,64.68493151,1.643835616,75.80821918
Congo,COG,2017,3.232876712,25.42465753,58.98630137,1.534246575,80.38356164
Costa Rica,CRI,2014,476.2465753,69.75342466,66.76712329,26.73972603,38.90410959
Costa Rica,CRI,2015,481.5068493,70.1369863,69.17808219,26.82191781,40.35616438
Costa Rica,CRI,2016,481.7808219,70.52054795,71.67123288,28.93150685,45.34246575
Costa Rica,CRI,2017,472.9589041,74.05479452,72.65753425,28.79452055,50.57534247
Cote d'Ivoire,CIV,2014,4.383561644,7.260273973,5.616438356,4.95890411,45.23287671
Cote d'Ivoire,CIV,2015,4.95890411,7.315068493,4.849315068,5.753424658,50.32876712
Cote d'Ivoire,CIV,2016,4.767123288,8.328767123,7.205479452,5.753424658,50.49315068
Cote d'Ivoire,CIV,2017,4.547945205,9.643835616,6.931506849,5.616438356,49.23287671
Croatia,HRV,2014,605.8630137,159.8630137,23.64383562,20.60273973,49.39726027
Croatia,HRV,2015,648.0547945,167.0136986,24.38356164,19.61643836,46.05479452
Croatia,HRV,2016,655.260274,167.4794521,24.95890411,23.01369863,46.63013699
Croatia,HRV,2017,663.4246575,173.7260274,29.50684932,22.08219178,51.34246575
Cuba,CUB,2014,257.2328767,69.36986301,47.61643836,24.71232877,17.20547945
Cuba,CUB,2015,248.4109589,70.46575342,51.69863014,22.4109589,18.76712329
Cuba,CUB,2016,264.6575342,71.89041096,56.32876712,23.36986301,17.12328767
Cuba,CUB,2017,259.0410959,72.16438356,64.98630137,24.35616438,15.5890411
Cyprus,CYP,2014,288.4657534,124.9863014,67.45205479,23.28767123,65.53424658
Cyprus,CYP,2015,297.7260274,121.8630137,67.15068493,20.76712329,63.15068493
Cyprus,CYP,2016,304.3561644,124.9041096,67.26027397,20.73972603,64.52054795
Cyprus,CYP,2017,310.4931507,127.369863,68.71232877,21.56164384,68.32876712
Czechia,CZE,2014,520.2191781,143.890411,56.1369863,23.15068493,24.05479452
Czechia,CZE,2015,512.6849315,152.3287671,57.34246575,23.01369863,25.47945205
Czechia,CZE,2016,536.7945205,153.2054795,58.05479452,23.53424658,24.49315068
Czechia,CZE,2017,523.0958904,154.739726,60.16438356,23.64383562,25.50684932
Denmark,DNK,2014,794.9041096,107.6712329,64.98630137,43.56164384,62.93150685
Denmark,DNK,2015,824.9041096,111.5342466,50.30136986,42.68493151,62.68493151
Denmark,DNK,2016,847.0684932,115.8630137,71.7260274,42.21917808,62.4109589
Denmark,DNK,2017,841.1780822,110.9315068,79.39726027,43.26027397,62.19178082
Djibouti,DJI,2014,73.45205479,36.63013699,5.04109589,2.767123288,10.43835616
Djibouti,DJI,2015,98.73972603,35.5890411,5.890410959,5.123287671,13.20547945
Djibouti,DJI,2016,83.26027397,31.94520548,5.726027397,5.616438356,15.78082192
Djibouti,DJI,2017,68.76712329,31.80821918,7.342465753,3.01369863,10.10958904
Dominica,DMA,2014,210.6027397,57.94520548,98.65753425,6.98630137,89.53424658
Dominica,DMA,2015,211.9178082,58,96.76712329,6.273972603,89.28767123
Dominica,DMA,2016,278.2739726,55.7260274,99.69863014,6.904109589,78.68493151
Dominica,DMA,2017,239.5890411,53.97260274,96.4109589,6.739726027,76.87671233
Dominican Republic,DOM,2014,203.2054795,48.79452055,89.7260274,25.69863014,24.63013699
Dominican Republic,DOM,2015,212.5479452,52.38356164,91.50684932,26.21917808,24.87671233
Dominican Republic,DOM,2016,239.7260274,51.89041096,96.4109589,26.10958904,26.46575342
Dominican Republic,DOM,2017,264.5753425,54.71232877,96.60273973,27.8630137,26.19178082
EAT-Lancet,,2017,250,14,29,13,28
Ecuador,ECU,2014,325.4246575,102.1369863,56.35616438,25.80821918,19.04109589
Ecuador,ECU,2015,295.9178082,90.02739726,54.84931507,28.90410959,21.34246575
Ecuador,ECU,2016,317.4520548,71.8630137,53.61643836,27.80821918,21.67123288
Ecuador,ECU,2017,295.6986301,70.82191781,52.90410959,21.31506849,21.28767123
Egypt,EGY,2014,135.3150685,35.75342466,33.09589041,10.73972603,66.24657534
Egypt,EGY,2015,125.5342466,39.64383562,34.24657534,10.1369863,64.49315068
Egypt,EGY,2016,124.6849315,35.20547945,34.87671233,9.506849315,64.05479452
Egypt,EGY,2017,112.9315068,33.09589041,35.50684932,9.452054795,64.90410959
El Salvador,SLV,2014,325.6712329,23.89041096,53.89041096,25.80821918,22.71232877
El Salvador,SLV,2015,323.6712329,24.32876712,54.35616438,25.89041096,19.80821918
El Salvador,SLV,2016,307.3150685,25.91780822,54.79452055,25.97260274,18.4109589
El Salvador,SLV,2017,277.4246575,27.64383562,55.97260274,23.91780822,18.19178082
Estonia,EST,2014,934.4383562,109.2328767,54.98630137,34.02739726,34.60273973
Estonia,EST,2015,951.1232877,117.5342466,57.26027397,34.10958904,33.89041096
Estonia,EST,2016,946.4109589,122.1917808,58.46575342,36.16438356,38.90410959
Estonia,EST,2017,979.260274,115.7808219,58.24657534,34.76712329,40.32876712
Eswatini,SWZ,2014,116.4109589,56.87671233,19.50684932,3.97260274,12.16438356
Eswatini,SWZ,2015,115.3150685,54.93150685,18.32876712,5.534246575,11.39726027
Eswatini,SWZ,2016,114.8493151,55.20547945,9.808219178,4.767123288,10
Eswatini,SWZ,2017,114.6575342,57.20547945,17.69863014,4.602739726,10.63013699
Ethiopia,ETH,2014,96.68493151,12.87671233,1.095890411,1.095890411,1.397260274
Ethiopia,ETH,2015,93.50684932,11.17808219,0.328767123,1.260273973,1.232876712
Ethiopia,ETH,2016,87.5890411,10.95890411,0.328767123,1.178082192,1.232876712
Ethiopia,ETH,2017,84.54794521,11.45205479,0.356164384,1.178082192,1.205479452
Fiji,FJI,2014,67.53424658,45.83561644,71.61643836,15.31506849,100.2465753
Fiji,FJI,2015,59.67123288,41.64383562,68.60273973,13.80821918,100.1917808
Fiji,FJI,2016,70.90410959,38.16438356,71.39726027,14.10958904,95.97260274
Fiji,FJI,2017,69.75342466,43.04109589,76.76712329,10.73972603,95.42465753
Finland,FIN,2014,1207.671233,153.0410959,50.68493151,22.65753425,98.1369863
Finland,FIN,2015,1270.986301,151.6438356,50.54794521,22.24657534,95.45205479
Finland,FIN,2016,1255.972603,152.7945205,51.01369863,23.8630137,87.12328767
Finland,FIN,2017,1253.972603,155.9452055,51.39726027,23.94520548,92.10958904
France,FRA,2014,689.1232877,166.3287671,65.5890411,31.39726027,92.95890411
France,FRA,2015,685.5890411,167.1232877,65.61643836,31.47945205,91.83561644
France,FRA,2016,707.5890411,163.4246575,65.69863014,31.47945205,92.02739726
France,FRA,2017,712.630137,161.0136986,62.73972603,31.5890411,94.16438356
French Polynesia,PYF,2014,103.6712329,116.0547945,132.8767123,29.31506849,133.7534247
French Polynesia,PYF,2015,106.7671233,114.9863014,131.6438356,23.7260274,131.7808219
French Polynesia,PYF,2016,102.7123288,129.9726027,129.890411,19.75342466,130.1643836
French Polynesia,PYF,2017,109.1780822,129.4520548,129.8630137,20.02739726,129.4246575
Gabon,GAB,2014,39.7260274,44.79452055,84.1369863,2.136986301,101.0136986
Gabon,GAB,2015,39.01369863,47.61643836,89.04109589,2.767123288,94
Gabon,GAB,2016,36.98630137,39.34246575,80.87671233,2.712328767,91.61643836
Gabon,GAB,2017,35.61643836,41.15068493,80.35616438,2.630136986,84.76712329
Gambia,GMB,2014,102.4109589,8.410958904,9.178082192,1.698630137,69.75342466
Gambia,GMB,2015,107.0410959,10.10958904,9.260273973,1.397260274,73.04109589
Gambia,GMB,2016,84.71232877,10.76712329,9.260273973,1.643835616,73.5890411
Gambia,GMB,2017,92.68493151,9.835616438,9.671232877,3.863013699,75.42465753
Georgia,GEO,2014,411.5616438,48.49315068,39.04109589,17.56164384,21.89041096
Georgia,GEO,2015,399.2054795,45.53424658,39.80821918,17.94520548,17.67123288
Georgia,GEO,2016,382.4383562,42.84931507,40.49315068,15.97260274,22
Georgia,GEO,2017,377.890411,44.98630137,41.83561644,16.73972603,22.02739726
Germany,DEU,2014,720.7671233,184.3013699,50.08219178,29.23287671,35.97260274
Germany,DEU,2015,729.7260274,183.260274,50.65753425,30.05479452,35.47945205
Germany,DEU,2016,740.4383562,182.6027397,53.15068493,31.64383562,37.67123288
Germany,DEU,2017,732.9315068,181.3150685,53.34246575,30.73972603,34.93150685
Ghana,GHA,2014,16.93150685,10.60273973,23.26027397,3.068493151,61.67123288
Ghana,GHA,2015,19.83561644,10.68493151,17.34246575,3.397260274,67.69863014
Ghana,GHA,2016,21.15068493,10.2739726,14.76712329,3.342465753,71.45205479
Ghana,GHA,2017,19.47945205,10.43835616,19.83561644,3.287671233,69.89041096
Greece,GRC,2014,660.5753425,153.4246575,41.94520548,23.50684932,48.68493151
Greece,GRC,2015,649.5342466,140.3287671,41.47945205,22.79452055,49.15068493
Greece,GRC,2016,627.6164384,141.1780822,41.39726027,22.43835616,56.24657534
Greece,GRC,2017,624.0821918,148.4383562,41.97260274,23.56164384,53.26027397
Grenada,GRD,2014,68.30136986,35.69863014,117.369863,26.60273973,75.80821918
Grenada,GRD,2015,66.87671233,42.68493151,121.369863,26.49315068,74.71232877
Grenada,GRD,2016,69.53424658,37.47945205,119.8082192,26.54794521,68
Grenada,GRD,2017,78.21917808,35.7260274,125.2054795,26.54794521,74.24657534
Guatemala,GTM,2014,104.8767123,42.82191781,49.83561644,37.50684932,7.534246575
Guatemala,GTM,2015,110.2191781,43.83561644,55.26027397,38.35616438,7.369863014
Guatemala,GTM,2016,109.5342466,44.57534247,57.06849315,37.61643836,7.232876712
Guatemala,GTM,2017,111.0410959,42.90410959,56.38356164,36.95890411,7.068493151
Guinea,GIN,2014,51.28767123,23.23287671,6.109589041,5.315068493,29.80821918
Guinea,GIN,2015,52.57534247,23.36986301,7.068493151,5.232876712,28.16438356
Guinea,GIN,2016,53.89041096,23.20547945,9.479452055,5.123287671,28.4109589
Guinea,GIN,2017,45.53424658,23.17808219,11.17808219,5.095890411,27.64383562
Guinea-Bissau,GNB,2014,48.68493151,41.28767123,5.808219178,2.356164384,3.863013699
Guinea-Bissau,GNB,2015,48.30136986,41.61643836,5.917808219,2.821917808,3.753424658
Guinea-Bissau,GNB,2016,58.35616438,41.8630137,5.945205479,2.657534247,3.671232877
Guinea-Bissau,GNB,2017,46.82191781,41.45205479,5.917808219,2.219178082,3.561643836
Guyana,GUY,2014,221.3424658,18.10958904,104.8219178,4.136986301,84.82191781
Guyana,GUY,2015,234.739726,18.30136986,105.0958904,4.657534247,84.35616438
Guyana,GUY,2016,234.7671233,18.30136986,104.4383562,3.452054795,83.94520548
Guyana,GUY,2017,232.0821918,18.73972603,105.0410959,5.095890411,83.50684932
Haiti,HTI,2014,22.76712329,22.87671233,18.1369863,1.150684932,14.68493151
Haiti,HTI,2015,22.46575342,23.04109589,21.17808219,1.068493151,15.7260274
Haiti,HTI,2016,21.8630137,22.79452055,25.75342466,1.150684932,12.57534247
Haiti,HTI,2017,21.47945205,22.76712329,24.4109589,1.287671233,12.4109589
Honduras,HND,2014,244.7123288,29.83561644,58.16438356,12.43835616,9.095890411
Honduras,HND,2015,251.2054795,31.20547945,58.87671233,11.94520548,8.931506849
Honduras,HND,2016,239.9452055,32.10958904,59.42465753,11.8630137,8.794520548
Honduras,HND,2017,232.9863014,31.12328767,59.53424658,11.89041096,8.630136986
Hong Kong,HKG,2014,98.1369863,201.5342466,142.4931507,47.83561644,185.5068493
Hong Kong,HKG,2015,100.3287671,214.4931507,108.9589041,48.1369863,201.5616438
Hong Kong,HKG,2016,96.30136986,219.1232877,123.7534247,50.24657534,195.5068493
Hong Kong,HKG,2017,91.09589041,220.7123288,146.6027397,50.76712329,193.8356164
Hungary,HUN,2014,481.9452055,122.630137,69.5890411,34.63013699,15.28767123
Hungary,HUN,2015,502.4657534,134.7945205,68,35.53424658,16.10958904
Hungary,HUN,2016,521.3424658,143.3424658,68.35616438,36.05479452,15.69863014
Hungary,HUN,2017,522.7945205,148.3561644,69.23287671,37.28767123,17.26027397
Iceland,ISL,2014,660.0547945,154.0547945,73.45205479,25.75342466,252.9315068
Iceland,ISL,2015,703.0958904,152.9863014,75.78082192,26.4109589,251.6438356
Iceland,ISL,2016,701.7260274,154.7123288,78.79452055,28.76712329,250.1643836
Iceland,ISL,2017,700.7123288,158.3835616,82.05479452,29.94520548,248.5205479
India,IND,2014,248.0273973,3.890410959,5.424657534,7.671232877,16.98630137
India,IND,2015,263.890411,4.02739726,5.753424658,7.97260274,17.5890411
India,IND,2016,277.1232877,4.082191781,5.945205479,8.438356164,18.05479452
India,IND,2017,290.5753425,3.97260274,6.082191781,8.904109589,18.90410959
Indonesia,IDN,2014,15.31506849,10.79452055,17.53424658,13.39726027,101.260274
Indonesia,IDN,2015,16,10.76712329,18.1369863,14.32876712,104.8767123
Indonesia,IDN,2016,17.15068493,11.78082192,20.32876712,15.09589041,107.7260274
Indonesia,IDN,2017,18.46575342,12.30136986,19.69863014,15.26027397,122.3835616
Iran,IRN,2014,177.6164384,20.02739726,70.95890411,20.71232877,29.04109589
Iran,IRN,2015,143.6438356,19.12328767,69.83561644,20.10958904,29.69863014
Iran,IRN,2016,128.2739726,20.2739726,74.4109589,20.93150685,31.97260274
Iran,IRN,2017,147.2876712,22.73972603,75.39726027,20.21917808,32.1369863
Iraq,IRQ,2014,50.24657534,11.83561644,38.19178082,27.20547945,10.60273973
Iraq,IRQ,2015,46.65753425,10.54794521,33.89041096,16.82191781,6.712328767
Iraq,IRQ,2016,40.60273973,10.16438356,31.39726027,21.8630137,7.616438356
Iraq,IRQ,2017,41.28767123,11.06849315,40.95890411,25.8630137,9.232876712
Ireland,IRL,2014,795.2876712,165.0958904,68.16438356,24.49315068,59.83561644
Ireland,IRL,2015,856.1917808,167.8356164,72.54794521,23.61643836,58
Ireland,IRL,2016,723.0136986,138.630137,71.23287671,23.69863014,58.10958904
Ireland,IRL,2017,642.1917808,144,70.73972603,25.01369863,64.19178082
Israel,ISR,2014,530.4657534,81.09589041,182.7945205,27.31506849,65.31506849
Israel,ISR,2015,501.2054795,77.83561644,182.5205479,27.34246575,64.08219178
Israel,ISR,2016,526.2191781,81.17808219,183.9726027,28.2739726,67.42465753
Israel,ISR,2017,527.0136986,81.09589041,184.630137,27.36986301,71.01369863
Italy,ITA,2014,685.5342466,156.2191781,50.63013699,32.52054795,77.17808219
Italy,ITA,2015,661.0958904,156.0821918,50.73972603,30.95890411,80.60273973
Italy,ITA,2016,617.6986301,153.369863,51.04109589,31.78082192,81.67123288
Italy,ITA,2017,625.9452055,164.9863014,51.7260274,32.24657534,81.64383562
Jamaica,JAM,2014,191.5890411,22.05479452,141.7260274,4.520547945,58.87671233
Jamaica,JAM,2015,191.6164384,21.8630137,143.6712329,4.219178082,59.04109589
Jamaica,JAM,2016,192.9863014,23.15068493,139.369863,3.835616438,63.04109589
Jamaica,JAM,2017,194.3013699,21.45205479,140,5.424657534,69.61643836
Japan,JPN,2014,158.3561644,80.02739726,48.35616438,51.61643836,133.5068493
Japan,JPN,2015,158.7671233,77.69863014,48.43835616,52.08219178,129.6438356
Japan,JPN,2016,158.9863014,80.1369863,48.98630137,53.01369863,123.5068493
Japan,JPN,2017,160.630137,84.19178082,50.68493151,53.80821918,124.630137
Jordan,JOR,2014,110.0547945,22.16438356,77.20547945,9.397260274,15.39726027
Jordan,JOR,2015,113.260274,23.28767123,76.98630137,9.315068493,15.89041096
Jordan,JOR,2016,113.8630137,25.8630137,76.49315068,9.068493151,16.46575342
Jordan,JOR,2017,114.5753425,26.79452055,76.90410959,8.98630137,16.08219178
Kazakhstan,KAZ,2014,747.8082192,113.2876712,49.45205479,22.52054795,12.87671233
Kazakhstan,KAZ,2015,739.9178082,111.2876712,49.34246575,23.67123288,12.68493151
Kazakhstan,KAZ,2016,734.9589041,109.7260274,46.82191781,23.56164384,12.49315068
Kazakhstan,KAZ,2017,739.8082192,111.890411,50.05479452,23.61643836,12.32876712
Kenya,KEN,2014,224.7671233,30.90410959,1.561643836,3.534246575,11.12328767
Kenya,KEN,2015,224.109589,33.04109589,1.671232877,3.753424658,10.68493151
Kenya,KEN,2016,245.3424658,33.26027397,1.698630137,3.945205479,11.17808219
Kenya,KEN,2017,221.6438356,35.97260274,1.835616438,3.643835616,10.90410959
Kiribati,KIR,2014,6.465753425,35.64383562,39.01369863,4.849315068,206.3835616
Kiribati,KIR,2015,7.726027397,33.06849315,42.54794521,4.739726027,208.5479452
Kiribati,KIR,2016,8.904109589,34.2739726,50.87671233,4.931506849,210.7123288
Kiribati,KIR,2017,5.369863014,32.49315068,49.26027397,5.643835616,210.109589
Kuwait,KWT,2014,81.64383562,62.05479452,126.109589,41.83561644,34.57534247
Kuwait,KWT,2015,118.4383562,62.54794521,128.5205479,39.45205479,33.26027397
Kuwait,KWT,2016,121.2054795,57.61643836,127.8356164,45.80821918,32.24657534
Kuwait,KWT,2017,131.1506849,56.57534247,126.7123288,50.16438356,31.45205479
Kyrgyzstan,KGZ,2014,559.4246575,81.69863014,10.02739726,12.60273973,8.219178082
Kyrgyzstan,KGZ,2015,560.0273973,72.65753425,10.1369863,11.09589041,5.04109589
Kyrgyzstan,KGZ,2016,567.7260274,72.24657534,11.75342466,10.87671233,3.04109589
Kyrgyzstan,KGZ,2017,571.0410959,70.82191781,8.493150685,11.83561644,3.123287671
Laos,LAO,2014,7.589041096,54.57534247,13.34246575,5.917808219,69.83561644
Laos,LAO,2015,7.479452055,57.5890411,14.08219178,5.150684932,65.01369863
Laos,LAO,2016,7.753424658,54.68493151,14.93150685,5.150684932,68.65753425
Laos,LAO,2017,7.945205479,53.39726027,29.89041096,5.178082192,69.20547945
Latvia,LVA,2014,472.1917808,109.6164384,56.57534247,37.28767123,65.75342466
Latvia,LVA,2015,521.0136986,118.3561644,55.67123288,37.64383562,66.52054795
Latvia,LVA,2016,539.4794521,122.9041096,55.75342466,31.17808219,67.31506849
Latvia,LVA,2017,609.1506849,129.6712329,57.23287671,34.21917808,68.10958904
Lebanon,LBN,2014,193.3150685,38.95890411,48.2739726,6.520547945,25.8630137
Lebanon,LBN,2015,172.7671233,36.63013699,35.34246575,6.356164384,22
Lebanon,LBN,2016,173.5890411,35.83561644,30.98630137,5.726027397,24.30136986
Lebanon,LBN,2017,171.1780822,36.19178082,29.42465753,5.835616438,23.91780822
Lesotho,LSO,2014,57.78082192,41.12328767,21.28767123,2.246575342,8.054794521
Lesotho,LSO,2015,57.06849315,21.45205479,25.26027397,2.438356164,3.945205479
Lesotho,LSO,2016,56.63013699,22.21917808,24.32876712,2.712328767,5.04109589
Lesotho,LSO,2017,59.01369863,21.75342466,21.7260274,2.547945205,5.04109589
Liberia,LBR,2014,4.465753425,16.84931507,26.90410959,5.178082192,20.1369863
Liberia,LBR,2015,4.164383562,16.76712329,29.5890411,6.109589041,18.19178082
Liberia,LBR,2016,4.328767123,16.60273973,29.28767123,4.98630137,16.52054795
Liberia,LBR,2017,3.205479452,16,29.23287671,3.315068493,16.10958904
Lithuania,LTU,2014,959.1506849,139.6164384,71.8630137,36.1369863,86.79452055
Lithuania,LTU,2015,891.890411,143.7808219,73.01369863,34.35616438,87.97260274
Lithuania,LTU,2016,893.6712329,139.7534247,74.79452055,40.68493151,89.26027397
Lithuania,LTU,2017,960.739726,144.0273973,77.23287671,41.12328767,90.65753425
Luxembourg,LUX,2014,398.6027397,170.9589041,55.31506849,40.35616438,96.02739726
Luxembourg,LUX,2015,416.5205479,166.8219178,49.56164384,39.67123288,96.32876712
Luxembourg,LUX,2016,400.8219178,169.7534247,50.10958904,42.84931507,94.52054795
Luxembourg,LUX,2017,406.1643836,164.2739726,50.21917808,42.68493151,88.08219178
Macao,MAC,2014,71.67123288,180.0821918,99.04109589,52.4109589,170.9315068
Macao,MAC,2015,68.05479452,178.2739726,95.28767123,51.64383562,170.739726
Macao,MAC,2016,52.93150685,189.1780822,94.54794521,53.67123288,156.7945205
Macao,MAC,2017,86.60273973,183.4246575,94.43835616,49.78082192,154.3287671
Madagascar,MDG,2014,60.1369863,26.79452055,7.671232877,1.863013699,9.753424658
Madagascar,MDG,2015,59.89041096,25.97260274,7.616438356,1.753424658,12
Madagascar,MDG,2016,59.01369863,25.45205479,8.356164384,1.726027397,14.90410959
Madagascar,MDG,2017,57.89041096,25.06849315,7.863013699,1.780821918,14.49315068
Malawi,MWI,2014,10.43835616,28.76712329,10.08219178,3.095890411,21.31506849
Malawi,MWI,2015,8.328767123,32.82191781,11.28767123,2.876712329,24.95890411
Malawi,MWI,2016,9.397260274,38,8.383561644,3.095890411,26.71232877
Malawi,MWI,2017,9.424657534,41.5890411,14.16438356,3.095890411,26.02739726
Malaysia,MYS,2014,17.15068493,38.93150685,113.6438356,42.93150685,157.369863
Malaysia,MYS,2015,14.54794521,40.82191781,114.109589,45.80821918,157.5890411
Malaysia,MYS,2016,14.46575342,38.52054795,109.1506849,47.89041096,158.8767123
Malaysia,MYS,2017,15.64383562,37.45205479,107.4246575,48.98630137,157.8630137
Maldives,MDV,2014,61.91780822,17.56164384,35.26027397,33.45205479,401.9452055
Maldives,MDV,2015,66.1369863,23.20547945,36.30136986,32.16438356,374.8493151
Maldives,MDV,2016,64.46575342,19.50684932,40.54794521,36.24657534,350.630137
Maldives,MDV,2017,65.20547945,19.15068493,36.98630137,32.16438356,247.6986301
Mali,MLI,2014,242.3561644,45.89041096,7.863013699,2.301369863,17.53424658
Mali,MLI,2015,191.9178082,46.16438356,7.123287671,2.273972603,20.30136986
Mali,MLI,2016,191.0684932,47.45205479,8.794520548,2.301369863,23.36986301
Mali,MLI,2017,241.5616438,49.45205479,7.753424658,1.945205479,25.5890411
Malta,MLT,2014,285.3972603,163.2054795,69.39726027,30.93150685,88.95890411
Malta,MLT,2015,277.2876712,131.6712329,69.67123288,28.95890411,88.2739726
Malta,MLT,2016,298.6575342,127.6164384,70.79452055,28.90410959,87.75342466
Malta,MLT,2017,305.0136986,135.0958904,74.43835616,32.73972603,87.39726027
Mauritania,MRT,2014,263.3424658,54.38356164,14.1369863,5.424657534,24.02739726
Mauritania,MRT,2015,253.1506849,54.46575342,14.19178082,4.712328767,23.45205479
Mauritania,MRT,2016,250.6849315,53.7260274,14.1369863,6.98630137,23.20547945
Mauritania,MRT,2017,245.9452055,54.08219178,14.08219178,6.356164384,25.09589041
Mauritius,MUS,2014,53.94520548,34.73972603,106.109589,16.35616438,63.56164384
Mauritius,MUS,2015,51.45205479,34.02739726,106.9041096,17.01369863,63.45205479
Mauritius,MUS,2016,52.79452055,33.20547945,106.9589041,16.71232877,63.34246575
Mauritius,MUS,2017,50.93150685,33.36986301,103.9178082,17.53424658,63.20547945
Mexico,MEX,2014,309.7534247,82.73972603,83.15068493,51.39726027,39.39726027
Mexico,MEX,2015,326.8219178,84.43835616,84.90410959,52.10958904,40.79452055
Mexico,MEX,2016,334.9589041,85.34246575,86.98630137,52.65753425,42.79452055
Mexico,MEX,2017,326.0547945,86.84931507,89.09589041,52.90410959,39.39726027
Moldova,MDA,2014,346,50.54794521,42.05479452,22.24657534,33.12328767
Moldova,MDA,2015,346.630137,56.21917808,41.78082192,21.47945205,27.42465753
Moldova,MDA,2016,352.4109589,56.63013699,42.87671233,21.61643836,30.71232877
Moldova,MDA,2017,352.1369863,59.75342466,44.21917808,21.75342466,31.7260274
Mongolia,MNG,2014,431.8356164,188.8493151,7.287671233,8.739726027,2.136986301
Mongolia,MNG,2015,468.4109589,198.7671233,7.369863014,8.767123288,1.315068493
Mongolia,MNG,2016,464.8767123,197.3424658,7.397260274,10.38356164,1.342465753
Mongolia,MNG,2017,474.3561644,201.3424658,7.589041096,11.15068493,1.315068493
Montenegro,MNE,2014,1032.410959,162.9863014,40.82191781,30.08219178,32.65753425
Montenegro,MNE,2015,902.6027397,160.0547945,41.7260274,33.53424658,32.95890411
Montenegro,MNE,2016,1016.027397,162.5479452,42.65753425,36.1369863,36.63013699
Montenegro,MNE,2017,1068.246575,156.1643836,43.78082192,32.98630137,38.52054795
Morocco,MAR,2014,140.9315068,32.76712329,56.08219178,16.90410959,46.68493151
Morocco,MAR,2015,143.8630137,33.06849315,55.34246575,17.50684932,55.34246575
Morocco,MAR,2016,145.890411,33.28767123,56.52054795,16.54794521,55.75342466
Morocco,MAR,2017,144.0547945,33.7260274,57.42465753,18.60273973,53.34246575
Mozambique,MOZ,2014,44.08219178,18.65753425,7.698630137,5.369863014,29.8630137
Mozambique,MOZ,2015,43.64383562,15.64383562,9.260273973,5.287671233,32.98630137
Mozambique,MOZ,2016,43.06849315,16.2739726,9.260273973,5.397260274,32.32876712
Mozambique,MOZ,2017,45.31506849,15.83561644,9.835616438,5.342465753,31.39726027
Myanmar,MMR,2014,106.1643836,64.10958904,78,14.10958904,125.5068493
Myanmar,MMR,2015,115.3972603,68,83.56164384,14,128.1643836
Myanmar,MMR,2016,117.0410959,70.60273973,83.78082192,14.73972603,130.4657534
Myanmar,MMR,2017,116.4383562,76.35616438,83.20547945,14.79452055,129.6438356
Namibia,NAM,2014,169.0136986,36.4109589,33.94520548,4.520547945,33.47945205
Namibia,NAM,2015,174.9589041,36.02739726,29.8630137,4.219178082,32.87671233
Namibia,NAM,2016,167.7260274,37.78082192,32.49315068,3.890410959,32.2739726
Namibia,NAM,2017,169.7534247,37.83561644,31.5890411,3.726027397,31.67123288
Nepal,NPL,2014,136.6575342,30.35616438,4.219178082,3.589041096,7.561643836
Nepal,NPL,2015,136.7123288,30.52054795,4.410958904,3.589041096,7.917808219
Nepal,NPL,2016,142.2465753,31.15068493,5.315068493,5.205479452,7.863013699
Nepal,NPL,2017,148.2739726,31.67123288,5.452054795,5.424657534,7.753424658
Netherlands,NLD,2014,925.260274,148.6575342,54.21917808,38.05479452,60.08219178
Netherlands,NLD,2015,881.9452055,144.7123288,60.49315068,36.49315068,59.91780822
Netherlands,NLD,2016,924.5753425,140.4383562,59.45205479,38.60273973,59.78082192
Netherlands,NLD,2017,932.4657534,148.5753425,55.69863014,38.68493151,59.64383562
New Caledonia,NCL,2014,95.67123288,85.45205479,110.5205479,23.31506849,67.50684932
New Caledonia,NCL,2015,75.06849315,87.89041096,110.1917808,23.97260274,66.65753425
New Caledonia,NCL,2016,84.19178082,84.82191781,108.8219178,25.75342466,65.91780822
New Caledonia,NCL,2017,88.63013699,81.80821918,106.0547945,24,65.20547945
New Zealand,NZL,2014,300.5753425,181.1780822,93.53424658,26.38356164,66.90410959
New Zealand,NZL,2015,306.7123288,176.0273973,94.1369863,26.71232877,66.24657534
New Zealand,NZL,2016,272.9863014,176.7671233,94.63013699,28.2739726,65.04109589
New Zealand,NZL,2017,301.4794521,174.6027397,95.31506849,28.54794521,67.75342466
Nicaragua,NIC,2014,230.9315068,21.64383562,59.31506849,13.42465753,17.56164384
Nicaragua,NIC,2015,237.1506849,22.87671233,55.50684932,14.08219178,15.83561644
Nicaragua,NIC,2016,240.3835616,20.02739726,57.28767123,17.01369863,18.08219178
Nicaragua,NIC,2017,232.630137,24.32876712,59.15068493,14.93150685,17.83561644
Niger,NER,2014,133.8356164,25.64383562,3.726027397,0.739726027,7.232876712
Niger,NER,2015,147.0136986,26.2739726,3.369863014,0.739726027,4.849315068
Niger,NER,2016,148.3287671,25.17808219,2.849315068,0.712328767,5.753424658
Niger,NER,2017,149.1232877,25.56164384,2.575342466,0.657534247,5.561643836
Nigeria,NGA,2014,7.287671233,15.04109589,2.931506849,9.589041096,34
Nigeria,NGA,2015,6.410958904,15.04109589,2.95890411,6.876712329,30.76712329
Nigeria,NGA,2016,6.191780822,14.49315068,2.931506849,6.904109589,25.12328767
Nigeria,NGA,2017,5.97260274,14.32876712,2.767123288,6.821917808,24.98630137
North Korea,PRK,2014,8.602739726,15.01369863,5.04109589,13.15068493,29.17808219
North Korea,PRK,2015,8.520547945,15.17808219,4.794520548,12.73972603,30.84931507
North Korea,PRK,2016,8.493150685,15.50684932,4.575342466,12.68493151,31.36986301
North Korea,PRK,2017,8.493150685,16.43835616,4.438356164,12.60273973,31.23287671
North Macedonia,MKD,2014,409.5068493,46.24657534,48.82191781,14.21917808,16.84931507
North Macedonia,MKD,2015,426.5205479,46.65753425,51.28767123,13.42465753,17.64383562
North Macedonia,MKD,2016,429.5068493,45.91780822,49.26027397,12.87671233,17.28767123
North Macedonia,MKD,2017,427.0958904,45.97260274,54.05479452,13.80821918,17.01369863
Norway,NOR,2014,728.4931507,126.4109589,51.47945205,31.36986301,139.2876712
Norway,NOR,2015,714.630137,133.5068493,51.78082192,31.01369863,137.0684932
Norway,NOR,2016,700.7123288,133.4520548,51.8630137,31.45205479,140.9589041
Norway,NOR,2017,692.6575342,130.6027397,52.19178082,31.7260274,140.6849315
Oman,OMN,2014,308.9589041,62.43835616,66.2739726,20.52054795,74.82191781
Oman,OMN,2015,329.4794521,53.31506849,61.69863014,22.87671233,76.65753425
Oman,OMN,2016,310.3287671,52.60273973,57.61643836,21.56164384,77.36986301
Oman,OMN,2017,296.6027397,52.82191781,59.26027397,22.32876712,78.19178082
Pakistan,PAK,2014,489.6164384,28.82191781,13.23287671,8.383561644,5.01369863
Pakistan,PAK,2015,495.5068493,28.98630137,14.10958904,8.547945205,5.150684932
Pakistan,PAK,2016,500.9041096,29.36986301,15.06849315,8.904109589,5.04109589
Pakistan,PAK,2017,505.6712329,29.91780822,16.05479452,9.205479452,4.712328767
Panama,PAN,2014,201.0136986,90.2739726,87.61643836,16.4109589,37.83561644
Panama,PAN,2015,194.4657534,87.94520548,89.12328767,16.08219178,37.20547945
Panama,PAN,2016,178.5479452,87.26027397,90.87671233,16.10958904,36.57534247
Panama,PAN,2017,191.4520548,83.34246575,92.65753425,16.46575342,35.94520548
Paraguay,PRY,2014,208.3835616,119.8356164,19.42465753,54.90410959,11.50684932
Paraguay,PRY,2015,201.890411,112.8493151,19.5890411,33.04109589,11.20547945
Paraguay,PRY,2016,197.6438356,120.7671233,17.45205479,32.90410959,10.84931507
Paraguay,PRY,2017,194.9041096,131.5616438,16.4109589,33.09589041,11.42465753
Peru,PER,2014,148.7945205,25.5890411,36.08219178,23.5890411,66.4109589
Peru,PER,2015,153.1506849,26.4109589,34.76712329,23.94520548,68.68493151
Peru,PER,2016,153.1780822,26.57534247,35.56164384,24.38356164,67.26027397
Peru,PER,2017,155.2876712,26.98630137,36.90410959,24.52054795,68.60273973
Philippines,PHL,2014,2.931506849,60.08219178,34.4109589,9.808219178,81.26027397
Philippines,PHL,2015,2.794520548,60.82191781,35.7260274,9.780821918,81.8630137
Philippines,PHL,2016,3.863013699,63.47945205,37.75342466,10.54794521,78.21917808
Philippines,PHL,2017,3.287671233,63.17808219,38,11.09589041,77.09589041
Poland,POL,2014,475.0958904,148.1643836,75.45205479,21.47945205,29.17808219
Poland,POL,2015,478.1369863,155.3424658,77.34246575,19.97260274,29.23287671
Poland,POL,2016,475.9452055,157.260274,78.93150685,20.32876712,29.26027397
Poland,POL,2017,488.739726,159.6986301,83.01369863,18.54794521,29.28767123
Portugal,PRT,2014,583.1232877,167.4520548,82.4109589,23.53424658,145.6712329
Portugal,PRT,2015,596.2465753,170.7671233,81.80821918,22.1369863,144.2739726
Portugal,PRT,2016,596.5753425,167.3150685,82.79452055,22.2739726,157.1506849
Portugal,PRT,2017,592.9863014,170.0547945,83.78082192,23.12328767,155.7260274
Romania,ROU,2014,666.5205479,114.0547945,48.2739726,39.26027397,16.02739726
Romania,ROU,2015,670.1917808,123.0136986,48.84931507,38.63013699,16.10958904
Romania,ROU,2016,676.9589041,128.1369863,50.82191781,38.21917808,16.21917808
Romania,ROU,2017,654.5753425,121.1232877,53.06849315,39.31506849,16.32876712
Russia,RUS,2014,471.2328767,113.1780822,78.60273973,42.02739726,61.61643836
Russia,RUS,2015,443.9178082,108.8493151,81.01369863,42.16438356,55.12328767
Russia,RUS,2016,439.3424658,110.7671233,80.24657534,42.84931507,56.38356164
Russia,RUS,2017,453.2876712,113.8630137,84.87671233,43.89041096,54.98630137
Rwanda,RWA,2014,53.17808219,15.53424658,3.835616438,1.01369863,14.4109589
Rwanda,RWA,2015,58.93150685,17.36986301,3.671232877,1.068493151,19.5890411
Rwanda,RWA,2016,55.15068493,15.91780822,4.054794521,1.123287671,21.53424658
Rwanda,RWA,2017,53.75342466,16.08219178,4.082191781,1.068493151,20.98630137
Saint Kitts and Nevis,KNA,2014,42.65753425,59.7260274,162.4931507,10.52054795,101.260274
Saint Kitts and Nevis,KNA,2015,45.26027397,53.42465753,160.7945205,9.178082192,100.4109589
Saint Kitts and Nevis,KNA,2016,59.67123288,50.93150685,150.739726,11.26027397,99.5890411
Saint Kitts and Nevis,KNA,2017,54.76712329,62.52054795,152.7945205,11.17808219,98.76712329
Saint Lucia,LCA,2014,81.67123288,89.53424658,173.9726027,10.68493151,92.4109589
Saint Lucia,LCA,2015,79.53424658,86.52054795,175.3424658,10.02739726,90.90410959
Saint Lucia,LCA,2016,85.67123288,89.97260274,167.5890411,10.60273973,87.47945205
Saint Lucia,LCA,2017,88.02739726,93.67123288,155.3150685,10.1369863,93.42465753
Saint Vincent and the Grenadines,VCT,2014,70.57534247,51.28767123,198.7123288,13.8630137,50.1369863
Saint Vincent and the Grenadines,VCT,2015,73.64383562,56.16438356,199.5616438,13.80821918,50.02739726
Saint Vincent and the Grenadines,VCT,2016,75.39726027,51.80821918,197.890411,14.46575342,49.8630137
Saint Vincent and the Grenadines,VCT,2017,81.45205479,51.15068493,198.109589,12.30136986,49.69863014
Samoa,WSM,2014,75.31506849,94.38356164,171.8082192,6.273972603,129.2876712
Samoa,WSM,2015,82.79452055,90.57534247,173.7808219,5.479452055,125.890411
Samoa,WSM,2016,98.05479452,88.35616438,178.3287671,6.301369863,130.6849315
Samoa,WSM,2017,89.7260274,87.31506849,177.4520548,6,126.9041096
Sao Tome and Principe,STP,2014,24.90410959,15.83561644,26.16438356,8.136986301,82.05479452
Sao Tome and Principe,STP,2015,18.49315068,15.39726027,26.98630137,5.671232877,80.52054795
Sao Tome and Principe,STP,2016,18.82191781,15.78082192,26.43835616,1.917808219,79.01369863
Sao Tome and Principe,STP,2017,17.34246575,14.60273973,25.94520548,1.890410959,77.53424658
Saudi Arabia,SAU,2014,164.7123288,30.95890411,121.5616438,14.24657534,33.91780822
Saudi Arabia,SAU,2015,180.6575342,30.68493151,122.3835616,16.73972603,31.94520548
Saudi Arabia,SAU,2016,182.2191781,22.43835616,121.1232877,17.23287671,32.68493151
Saudi Arabia,SAU,2017,175.4246575,24.98630137,118.7945205,17.97260274,31.04109589
Senegal,SEN,2014,28.98630137,25.83561644,12.19178082,4.821917808,57.36986301
Senegal,SEN,2015,29.15068493,24.76712329,12.19178082,4.712328767,46.73972603
Senegal,SEN,2016,29.69863014,23.50684932,12.54794521,4.328767123,50.95890411
Senegal,SEN,2017,30.08219178,23.8630137,13.04109589,4.520547945,49.56164384
Serbia,SRB,2014,449.6986301,122.0821918,31.31506849,27.42465753,18.21917808
Serbia,SRB,2015,458.0821918,117.9452055,28.79452055,29.67123288,15.23287671
Serbia,SRB,2016,455.7534247,119.6438356,24.76712329,26.76712329,12.68493151
Serbia,SRB,2017,474.3013699,118.1917808,27.83561644,25.80821918,16.93150685
Sierra Leone,SLE,2014,63.50684932,7.97260274,10.32876712,4.465753425,79.39726027
Sierra Leone,SLE,2015,65.28767123,8.493150685,12.65753425,4.821917808,75.64383562
Sierra Leone,SLE,2016,63.94520548,7.424657534,11.91780822,4.98630137,73.64383562
Sierra Leone,SLE,2017,62.46575342,7.534246575,10.87671233,3.863013699,72.05479452
Slovakia,SVK,2014,379.9178082,97.67123288,37.12328767,31.42465753,23.12328767
Slovakia,SVK,2015,347.9452055,96.30136986,37.36986301,29.09589041,25.89041096
Slovakia,SVK,2016,454.2739726,116.6849315,37.97260274,32.2739726,25.01369863
Slovakia,SVK,2017,432.6849315,119.260274,38.08219178,35.42465753,26.57534247
Slovenia,SVN,2014,614.8219178,137.0684932,66.60273973,25.91780822,30.46575342
Slovenia,SVN,2015,600.7671233,134.5479452,65.67123288,24.30136986,30.71232877
Slovenia,SVN,2016,599.0684932,141.5890411,65.94520548,26.71232877,31.12328767
Slovenia,SVN,2017,616.4931507,141.4794521,66.87671233,27.04109589,32.76712329
Solomon Islands,SLB,2014,16.82191781,19.80821918,11.78082192,3.01369863,101.5890411
Solomon Islands,SLB,2015,15.34246575,18.46575342,13.17808219,3.068493151,96.19178082
Solomon Islands,SLB,2016,15.12328767,19.26027397,14.24657534,2.904109589,90.79452055
Solomon Islands,SLB,2017,15.83561644,19.94520548,12.19178082,2.98630137,82.57534247
South Africa,ZAF,2014,135.890411,68.90410959,97.12328767,19.67123288,19.7260274
South Africa,ZAF,2015,148.3287671,70.16438356,94.60273973,22.1369863,17.94520548
South Africa,ZAF,2016,145.0958904,69.89041096,99.45205479,20.05479452,16.60273973
South Africa,ZAF,2017,146.8219178,64.76712329,97.78082192,18.10958904,16.35616438
South Korea,KOR,2014,49.7260274,129.8356164,44.30136986,27.15068493,149.0410959
South Korea,KOR,2015,49.97260274,137.7808219,44.73972603,27.28767123,151.9726027
South Korea,KOR,2016,45.04109589,143.5068493,45.06849315,27.36986301,150.9315068
South Korea,KOR,2017,49.89041096,147.6438356,45.75342466,28.08219178,150.6027397
Spain,ESP,2014,428.9589041,175.0684932,79.20547945,32.98630137,120.739726
Spain,ESP,2015,438.4931507,179.3150685,80.43835616,33.12328767,119.4246575
Spain,ESP,2016,470.1643836,182.0821918,82.02739726,34.08219178,116.3013699
Spain,ESP,2017,493.2054795,187.1232877,83.26027397,37.61643836,116.3561644
Sri Lanka,LKA,2014,23.26027397,3.506849315,16.21917808,12.24657534,83.5890411
Sri Lanka,LKA,2015,23.15068493,3.753424658,18.60273973,8.575342466,84.16438356
Sri Lanka,LKA,2016,29.7260274,3.643835616,20.43835616,8.328767123,84.93150685
Sri Lanka,LKA,2017,30.65753425,3.424657534,21.31506849,11.69863014,84.49315068
Sudan,SDN,2014,305.2876712,49.91780822,4.191780822,3.315068493,2.767123288
Sudan,SDN,2015,303.0136986,49.12328767,4.273972603,3.424657534,2.904109589
Sudan,SDN,2016,294.3835616,46.38356164,4.356164384,3.424657534,2.904109589
Sudan,SDN,2017,288.7123288,44.35616438,4.383561644,3.260273973,2.821917808
Suriname,SUR,2014,36.43835616,37.53424658,96.43835616,11.5890411,47.15068493
Suriname,SUR,2015,35.42465753,32.60273973,94.68493151,14.4109589,46.65753425
Suriname,SUR,2016,37.75342466,30.57534247,91.64383562,20.35616438,46.19178082
Suriname,SUR,2017,34.38356164,30.52054795,85.09589041,17.23287671,45.7260274
Sweden,SWE,2014,919.8630137,166.2739726,44.98630137,35.47945205,96.02739726
Sweden,SWE,2015,912.109589,167.7534247,45.17808219,34.68493151,91.23287671
Sweden,SWE,2016,861.7534247,164.6575342,46.05479452,37.06849315,88.21917808
Sweden,SWE,2017,833.2054795,161.4520548,45.47945205,36.98630137,89.89041096
Switzerland,CHE,2014,904.1643836,146.8493151,43.53424658,27.50684932,46.30136986
Switzerland,CHE,2015,889.2054795,142.4931507,43.39726027,27.61643836,47.23287671
Switzerland,CHE,2016,866.6027397,140.9315068,43.31506849,27.15068493,48.1369863
Switzerland,CHE,2017,851.1506849,138.3013699,43.06849315,27.39726027,46.4109589
Taiwan,TWN,2014,76.10958904,116.6849315,91.34246575,35.64383562,90.2739726
Taiwan,TWN,2015,78.08219178,122.630137,90.38356164,37.7260274,87.09589041
Taiwan,TWN,2016,79.47945205,120.0273973,90.2739726,39.53424658,81.53424658
Taiwan,TWN,2017,81.75342466,121.5068493,90.87671233,38.24657534,81.34246575
Tajikistan,TJK,2014,150.3013699,31.17808219,11.80821918,4.684931507,1.671232877
Tajikistan,TJK,2015,156.7123288,31.83561644,11.75342466,5.205479452,1.479452055
Tajikistan,TJK,2016,153.5890411,32.38356164,10.16438356,4.684931507,1.04109589
Tajikistan,TJK,2017,155.260274,32.93150685,12.19178082,6.684931507,1.01369863
Tanzania,TZA,2014,118.3287671,20.54794521,5.205479452,1.424657534,17.34246575
Tanzania,TZA,2015,119.0684932,20.02739726,5.150684932,1.342465753,20.08219178
Tanzania,TZA,2016,110.7671233,19.45205479,5.150684932,1.424657534,19.20547945
Tanzania,TZA,2017,107.4246575,18.84931507,5.150684932,0.95890411,18.63013699
Thailand,THA,2014,40.43835616,40.98630137,39.69863014,34.52054795,63.17808219
Thailand,THA,2015,38.90410959,40.54794521,36.30136986,33.20547945,63.23287671
Thailand,THA,2016,43.26027397,40.2739726,34.71232877,30.32876712,72.49315068
Thailand,THA,2017,40.35616438,39.53424658,35.47945205,33.8630137,79.91780822
Timor,TLS,2014,3.97260274,29.31506849,10.95890411,4.657534247,19.06849315
Timor,TLS,2015,3.863013699,31.09589041,11.83561644,5.534246575,16.49315068
Timor,TLS,2016,4.246575342,30.46575342,12.02739726,5.698630137,17.34246575
Timor,TLS,2017,2.794520548,30.63013699,11.61643836,2.191780822,21.8630137
Togo,TGO,2014,21.31506849,13.56164384,18.4109589,2.246575342,28.93150685
Togo,TGO,2015,22.63013699,13.53424658,18.57534247,2.520547945,35.28767123
Togo,TGO,2016,19.97260274,12.90410959,19.01369863,2.602739726,32.93150685
Togo,TGO,2017,17.67123288,12.93150685,19.34246575,2.602739726,32.1369863
Trinidad and Tobago,TTO,2014,83.28767123,41.31506849,152.5479452,12.49315068,64.02739726
Trinidad and Tobago,TTO,2015,83.78082192,42.05479452,154.7945205,10.46575342,59.61643836
Trinidad and Tobago,TTO,2016,80.32876712,38.90410959,149.6164384,13.78082192,55.7260274
Trinidad and Tobago,TTO,2017,80.73972603,37.09589041,149.4246575,11.34246575,65.34246575
Tunisia,TUN,2014,302.7671233,30.63013699,46.43835616,22.43835616,37.83561644
Tunisia,TUN,2015,335.260274,30.30136986,46.43835616,25.04109589,35.39726027
Tunisia,TUN,2016,343.7808219,30.16438356,46.4109589,22.16438356,36.46575342
Tunisia,TUN,2017,306.6849315,30.21917808,46.65753425,21.34246575,36.05479452
Turkey,TUR,2014,508,45.39726027,53.39726027,20.35616438,13.8630137
Turkey,TUR,2015,499.260274,47.36986301,54.02739726,20.79452055,15.09589041
Turkey,TUR,2016,483.6986301,47.91780822,55.15068493,20.19178082,13.50684932
Turkey,TUR,2017,481.7808219,49.8630137,56.54794521,20.35616438,13.28767123
Turkmenistan,TKM,2014,367.5890411,151.1232877,11.7260274,19.7260274,9.97260274
Turkmenistan,TKM,2015,408.2191781,146.9041096,11.83561644,20.02739726,9.917808219
Turkmenistan,TKM,2016,404.4109589,144.8219178,12.30136986,19.67123288,8.630136986
Turkmenistan,TKM,2017,398.0273973,152.5753425,12.38356164,19.36986301,8.054794521
Uganda,UGA,2014,101.6986301,26.1369863,4.273972603,2.767123288,39.56164384
Uganda,UGA,2015,106.5753425,24.49315068,4.082191781,2.438356164,34
Uganda,UGA,2016,108.4931507,23.36986301,4.273972603,2.493150685,32.16438356
Uganda,UGA,2017,102.7671233,22.38356164,4.164383562,2.410958904,30.87671233
Ukraine,UKR,2014,390.3287671,72.10958904,62.16438356,51.34246575,34.60273973
Ukraine,UKR,2015,398,67.06849315,58.19178082,42.84931507,25.39726027
Ukraine,UKR,2016,391.369863,67.36986301,60.82191781,39.8630137,28.54794521
Ukraine,UKR,2017,400.4931507,65.20547945,61.97260274,39.53424658,31.97260274
United Arab Emirates,ARE,2014,113.260274,45.47945205,118.9863014,25.50684932,69.69863014
United Arab Emirates,ARE,2015,109.6438356,45.26027397,120.3013699,27.12328767,69.31506849
United Arab Emirates,ARE,2016,118.2465753,44.60273973,124.1643836,28.38356164,68.60273973
United Arab Emirates,ARE,2017,91.04109589,43.26027397,119.0958904,20.49315068,67.69863014
United Kingdom,GBR,2014,616.1369863,122.109589,77.50684932,29.20547945,55.12328767
United Kingdom,GBR,2015,619.3150685,125.7534247,85.36986301,30.35616438,54.76712329
United Kingdom,GBR,2016,602.1643836,128.0547945,89.09589041,30.65753425,54.38356164
United Kingdom,GBR,2017,612.739726,128.1369863,87.50684932,30.76712329,54.05479452
United States,USA,2014,685.3424658,179.6986301,140.1917808,40.82191781,59.78082192
United States,USA,2015,694.2465753,179.1232877,149.7808219,40,60.05479452
United States,USA,2016,695.260274,182.1917808,152.1917808,41.39726027,60.02739726
United States,USA,2017,698.2739726,185.2328767,152.5479452,42.65753425,61.26027397
Uruguay,URY,2014,570.4931507,135.0958904,30.54794521,32.10958904,25.23287671
Uruguay,URY,2015,568.8767123,129.3424658,26.82191781,30.10958904,23.5890411
Uruguay,URY,2016,503.5616438,113.6986301,27.26027397,31.23287671,22.57534247
Uruguay,URY,2017,517.2328767,130.5753425,24.98630137,32.4109589,25.28767123
Uzbekistan,UZB,2014,575.7260274,86.65753425,4.904109589,15.69863014,5.260273973
Uzbekistan,UZB,2015,621.2328767,90.05479452,4.98630137,16.82191781,6.246575342
Uzbekistan,UZB,2016,616.4383562,87.8630137,5.095890411,14.10958904,6.273972603
Uzbekistan,UZB,2017,597.1780822,88.57534247,5.369863014,18.05479452,6.164383562
Vanuatu,VUT,2014,47.12328767,71.50684932,30.76712329,8.356164384,84.19178082
Vanuatu,VUT,2015,42.71232877,71.64383562,30.84931507,7.945205479,81.94520548
Vanuatu,VUT,2016,45.91780822,70.57534247,30.87671233,7.397260274,79.83561644
Vanuatu,VUT,2017,45.61643836,66.43835616,31.94520548,6.739726027,77.80821918
Venezuela,VEN,2014,325.5342466,90.02739726,106.5753425,11.78082192,30.4109589
Venezuela,VEN,2015,289.890411,71.80821918,83.36986301,11.39726027,23.67123288
Venezuela,VEN,2016,244.3561644,60.76712329,57.47945205,10.49315068,27.26027397
Venezuela,VEN,2017,274.8493151,56.49315068,55.56164384,9.917808219,27.67123288
Vietnam,VNM,2014,15.12328767,131.6438356,36.38356164,9.616438356,84.60273973
Vietnam,VNM,2015,19.36986301,134.4109589,41.53424658,10.46575342,97.17808219
Vietnam,VNM,2016,26.43835616,136.2465753,37.04109589,10.98630137,98.4109589
Vietnam,VNM,2017,23.7260274,139.2328767,33.78082192,12.02739726,103.1780822
Yemen,YEM,2014,42.32876712,25.5890411,29.91780822,5.643835616,14.95890411
Yemen,YEM,2015,36.35616438,24.82191781,24.4109589,4.876712329,13.09589041
Yemen,YEM,2016,32.68493151,22.95890411,24.54794521,4.465753425,10.79452055
Yemen,YEM,2017,31.34246575,22.54794521,23.36986301,4.273972603,8.684931507
Zambia,ZMB,2014,36.93150685,19.83561644,8.684931507,6.575342466,28.95890411
Zambia,ZMB,2015,34.2739726,19.56164384,8.904109589,6.547945205,33.39726027
Zambia,ZMB,2016,32.82191781,19.53424658,9.342465753,6.602739726,32.93150685
Zambia,ZMB,2017,34.2739726,20.05479452,9.369863014,6.630136986,33.01369863
Zimbabwe,ZWE,2014,83.67123288,29.69863014,12.30136986,5.287671233,9.287671233
Zimbabwe,ZWE,2015,75.01369863,28.95890411,12.79452055,5.04109589,10.46575342
Zimbabwe,ZWE,2016,77.26027397,29.28767123,12.87671233,5.095890411,10.38356164
Zimbabwe,ZWE,2017,82.05479452,28.49315068,12.82191781,4.95890411,10.21917808